{
    "root_group": {
        "checks": {
            "endpoint created": {
                "name": "endpoint created",
                "path": "::endpoint created",
                "id": "f35a86391206b4617a2d94741ae509f0",
                "passes": 8362,
                "fails": 0
            },
            "event created": {
                "fails": 0,
                "name": "event created",
                "path": "::event created",
                "id": "b0cedef626592bd9ec99086f7d7dae4e",
                "passes": 41810
            },
            "stats ok": {
                "name": "stats ok",
                "path": "::stats ok",
                "id": "1eb918c4bb0f664946b3ca16e2ca3778",
                "passes": 8362,
                "fails": 0
            }
        },
        "name": "",
        "path": "",
        "id": "d41d8cd98f00b204e9800998ecf8427e",
        "groups": {}
    },
    "metrics": {
        "http_reqs": {
            "count": 58534,
            "rate": 486.75156199111774
        },
        "http_req_duration{expected_response:true}": {
            "avg": 5.7022140123688505,
            "min": 0.254,
            "med": 1.887,
            "max": 97.464,
            "p(90)": 16.459100000000003,
            "p(95)": 23.217049999999993
        },
        "iteration_duration": {
            "p(95)": 576.33556605,
            "avg": 541.501950633338,
            "min": 512.050416,
            "med": 538.0451250000001,
            "max": 632.087875,
            "p(90)": 565.1324000000001
        },
        "http_req_tls_handshaking": {
            "p(95)": 0,
            "avg": 0,
            "min": 0,
            "med": 0,
            "max": 0,
            "p(90)": 0
        },
        "http_req_waiting": {
            "p(95)": 23.18144999999998,
            "avg": 5.67382172754299,
            "min": 0.241,
            "med": 1.856,
            "max": 97.431,
            "p(90)": 16.421400000000002
        },
        "http_req_receiving": {
            "min": 0.004,
            "med": 0.018,
            "max": 2.283,
            "p(90)": 0.037,
            "p(95)": 0.044,
            "avg": 0.020690778009360127
        },
        "checks": {
            "passes": 58534,
            "fails": 0,
            "value": 1
        },
        "http_req_connecting": {
            "p(95)": 0,
            "avg": 0.00013171831755902553,
            "min": 0,
            "med": 0,
            "max": 0.226,
            "p(90)": 0
        },
        "data_received": {
            "rate": 305303.0715350748,
            "count": 36714027
        },
        "iterations": {
            "count": 8362,
            "rate": 69.53593742730253
        },
        "http_req_duration": {
            "avg": 5.7022140123688505,
            "min": 0.254,
            "med": 1.887,
            "max": 97.464,
            "p(90)": 16.459100000000003,
            "p(95)": 23.217049999999993,
            "thresholds": {
                "p(99)<200": false
            }
        },
        "vus_max": {
            "value": 50,
            "min": 50,
            "max": 50
        },
        "http_req_failed": {
            "passes": 0,
            "fails": 58534,
            "thresholds": {
                "rate<0.01": false
            },
            "value": 0
        },
        "http_req_blocked": {
            "avg": 0.002217207093313543,
            "min": 0,
            "med": 0.002,
            "max": 1.264,
            "p(90)": 0.003,
            "p(95)": 0.004
        },
        "http_req_sending": {
            "avg": 0.0077015068165490605,
            "min": 0.001,
            "med": 0.006,
            "max": 2.271,
            "p(90)": 0.013,
            "p(95)": 0.016
        },
        "data_sent": {
            "count": 12584810,
            "rate": 104651.5858280903
        },
        "vus": {
            "value": 1,
            "min": 1,
            "max": 50
        }
    }
}